symbol,industry,quantity,last_price,market_value,entry_date,score,recommendation,target_weight
ACUTAAS,Healthcare,180,3279.4,590292.0,2026-04-07,85.45,BUY,0.04
ADANIENSOL,Power,209,1314.6,274751.4,2026-07-27,73.71,HOLD,0.04
ADANIPOWER,Power,1921,204.0,391884.0,2026-05-21,64.35,HOLD,0.04
APARINDS,Capital Goods,39,17384.0,677976.0,2026-04-07,90.78,BUY,0.04
ATHERENERG,Automobile and Auto Components,525,1425.0,748125.0,2026-04-07,81.71,BUY,0.04
BELRISE,Automobile and Auto Components,984,240.36,236514.24,2026-06-03,84.11,BUY,0.04
BHARATFORG,Automobile and Auto Components,234,1926.0,450684.0,2026-04-27,75.34,BUY,0.04
CHENNPETRO,Oil Gas & Consumable Fuels,413,1436.3,593191.9,2026-04-07,80.77,BUY,0.04
CPPLUS,Capital Goods,112,3846.5,430808.0,2026-09-15,99.5,BUY,0.04
EMCURE,Healthcare,257,1943.0,499351.0,2026-04-07,80.96,BUY,0.04
GLENMARK,Healthcare,70,2334.7,163429.0,2026-04-30,71.61,HOLD,0.04
GVT&D,Capital Goods,108,4201.0,453708.0,2026-04-07,70.74,HOLD,0.04
HFCL,Telecommunication,1854,226.27,419504.58,2026-09-01,92.0,BUY,0.04
KIRLOSENG,Capital Goods,286,2304.2,659001.2,2026-04-07,90.45,BUY,0.04
LAURUSLABS,Healthcare,378,1980.0,748440.0,2026-04-07,97.03,BUY,0.04
MAHABANK,Financial Services,6011,79.37,477093.07,2026-04-07,69.6,HOLD,0.04
MCX,Financial Services,157,3300.4,518162.8,2026-04-07,88.28,BUY,0.04
MOTHERSON,Automobile and Auto Components,2391,163.26,390354.66,2026-07-27,90.31,BUY,0.04
POWERINDIA,Capital Goods,15,30630.0,459450.0,2026-04-07,79.27,BUY,0.04
RBLBANK,Financial Services,1279,403.35,515884.65,2026-04-07,77.39,BUY,0.04
SAIL,Metals & Mining,2490,181.49,451910.1,2026-04-07,82.24,BUY,0.04
SAILIFE,Healthcare,288,1524.5,439056.0,2026-08-07,87.0,BUY,0.04
SONACOMS,Automobile and Auto Components,519,830.0,430770.0,2026-09-15,95.66,BUY,0.04
SYRMA,Capital Goods,494,1782.9,880752.6,2026-04-07,97.16,BUY,0.04
TORNTPHARM,Healthcare,83,4800.0,398400.0,2026-05-13,75.15,BUY,0.04
